INSERT INTO Department (department_id, department_name) VALUES
(101, 'Sales'),
(102, 'Marketing'),
(103, 'IT'),
(104, 'HR'),
(105, 'Operations');

-- INSERT DATA IN EMPLOYEES TABLE
INSERT INTO Employee (employee_id, first_name, last_name, hire_date, department_id, salary, manager_id) VALUES
(1, 'John', 'Doe', '2020-01-15', 101, 60000, 3),
(2, 'Jane', 'Smith', '2019-03-22', 102, 65000, 3),
(3, 'Michael', 'Johnson', '2018-05-30', 101, 70000, NULL),
(4, 'Emily', 'Davis', '2021-08-11', 103, 55000, 2),
(5, 'Sarah', 'Brown', '2017-11-14', 102, 75000, NULL),
(6, 'William', 'Taylor', '2022-07-05', 101, 68000, 3),
(7, 'Daniel', 'Lee', '2016-09-09', 104, 72000, 2),
(8, 'Olivia', 'Harris', '2020-06-15', 105, 58000, 6),
(9, 'Brian', 'Clark', '2021-02-25', 101, 63000, 3),
(10, 'Amanda', 'Turner', '2019-10-30', 103, 69000, 2),
(11, 'Joshua', 'King', '2020-01-18', 102, 74000, 5),
(12, 'Nicole', 'Martinez', '2018-09-20', 104, 62000, 7),
(13, 'David', 'Nelson', '2017-12-15', 103, 75000, NULL),
(14, 'Jessica', 'Carter', '2021-03-10', 101, 64000, 6),
(15, 'Robert', 'Scott', '2016-06-07', 102, 71000, 3),
(16, 'Anthony', 'Edwards', '2021-11-01', 104, 68000, 7),
(17, 'Sophia', 'Walker', '2020-09-10', 105, 66000, 2),
(18, 'Andrew', 'Allen', '2021-01-13', 101, 71000, 5),
(19, 'Rachel', 'Young', '2020-12-12', 103, 69000, 2),
(20, 'Kevin', 'Wright', '2019-06-20', 102, 74000, 3),
(21, 'Megan', 'Adams', '2021-04-14', 105, 60000, 7),
(22, 'Charles', 'Mitchell', '2022-02-01', 104, 73000, 2),
(23, 'Grace', 'Robinson', '2022-08-20', 101, 66000, 6),
(24, 'Helen', 'Carter', '2019-05-15', 102, 75000, 5),
(25, 'Sean', 'Lewis', '2021-06-10', 103, 65000, 2),
(26, 'Sophia', 'Collins', '2022-05-12', 101, 71000, 3),
(27, 'Victoria', 'Evans', '2017-11-30', 102, 67000, 5),
(28, 'Thomas', 'Hughes', '2020-03-02', 104, 68000, 7),
(29, 'Mark', 'Perez', '2022-01-25', 101, 69000, 6),
(30, 'Chloe', 'Ramirez', '2021-07-18', 103, 72000, 2),
(31, 'Oliver', 'James', '2021-05-01', 102, 71000, 5),
(32, 'Lisa', 'Gonzalez', '2022-10-22', 104, 65000, 7),
(33, 'Ethan', 'Mitchell', '2018-04-04', 105, 66000, 2),
(34, 'Mason', 'Harris', '2021-08-10', 101, 68000, 6),
(35, 'Ava', 'Walker', '2019-11-14', 103, 73000, 2),
(36, 'Leo', 'Carter', '2020-01-05', 102, 69000, 3),
(37, 'Isabella', 'Wright', '2022-06-30', 101, 70000, 6),
(38, 'Isaac', 'Lee', '2022-02-15', 105, 69000, 2),
(39, 'Jack', 'Young', '2019-09-02', 103, 71000, NULL),
(40, 'Grace', 'Harris', '2020-05-20', 104, 65000, 7),
(41, 'Sam', 'Collins', '2018-10-11', 101, 62000, 3),
(42, 'Matthew', 'Gonzalez', '2021-02-03', 102, 74000, 5),
(43, 'Harper', 'Wood', '2022-04-17', 103, 69000, 2),
(44, 'Lucas', 'James', '2020-07-28', 101, 66000, 6),
(45, 'Lily', 'Brooks', '2021-11-05', 104, 70000, 7),
(46, 'Olivia', 'Clark', '2019-04-02', 102, 71000, 3),
(47, 'Sophia', 'Wilson', '2022-03-19', 105, 64000, 5),
(48, 'Emma', 'Evans', '2020-10-25', 101, 70000, 3),
(49, 'Liam', 'Harris', '2021-12-15', 104, 72000, 7),
(50, 'Noah', 'Johnson', '2022-09-01', 105, 65000, 6);

-- INSERT DATA IN TO PROJECT TABLE

INSERT INTO Project (project_id, project_name, department_id, start_date, end_date) VALUES
(201, 'CRM Implementation', 101, '2021-05-01', '2021-11-01'),
(202, 'Website Redesign', 102, '2022-01-10', '2022-07-15'),
(203, 'Data Analytics', 103, '2023-03-15', '2023-12-31'),
(204, 'Employee Portal', 104, '2022-06-01', '2023-05-01'),
(205, 'Market Research', 102, '2021-07-01', '2022-01-01'),
(206, 'Employee Training', 101, '2022-04-10', '2023-03-01'),
(207, 'Software Upgrade', 103, '2022-09-15', '2023-03-01'),
(208, 'HR Management', 104, '2023-01-10', '2023-11-01'),
(209, 'Sales Expansion', 101, '2023-04-20', '2023-12-01'),
(210, 'Business Analysis', 105, '2021-12-01', '2022-11-01');

-- INSERT IN TO EMPLOYEE_PROJECT
INSERT INTO Employee_Project (employee_id, project_id, role) VALUES
(1, 201, 'Lead'),
(2, 202, 'Developer'),
(3, 203, 'Analyst'),
(4, 202, 'Developer'),
(5, 204, 'Project Manager'),
(6, 203, 'Developer'),
(7, 204, 'Lead'),
(8, 205, 'Analyst'),
(9, 206, 'Developer'),
(10, 207, 'Manager'),
(11, 208, 'Developer'),
(12, 209, 'Analyst'),
(13, 210, 'Manager'),
(14, 201, 'Developer'),
(15, 202, 'Developer'),
(16, 203, 'Lead'),
(17, 204, 'Developer'),
(18, 205, 'Analyst'),
(19, 206, 'Developer'),
(20, 207, 'Lead'),
(21, 208, 'Developer'),
(22, 209, 'Analyst'),
(23, 210, 'Project Manager'),
(24, 201, 'Developer'),
(25, 202, 'Lead'),
(26, 203, 'Analyst'),
(27, 204, 'Lead'),
(28, 205, 'Developer'),
(29, 206, 'Analyst'),
(30, 207, 'Developer'),
(31, 208, 'Project Manager'),
(32, 209, 'Developer'),

